{"lr": 0.0019633519553072637, "data_time": 0.00026667118072509766, "grad_norm": 9.089753723144531, "loss": 0.7149477124214172, "time": 2.0140676736831664, "epoch": 1, "iter": 36, "memory": 4878, "step": 36}
{"accuracy/top1": 86.81897735595703, "data_time": 1.6941324869791667, "time": 1.8453162511189778, "step": 1}
{"lr": 0.003972513966480453, "data_time": 0.00010023117065429687, "grad_norm": 7.967666244506836, "loss": 0.5750712722539901, "time": 2.021660256385803, "epoch": 2, "iter": 72, "memory": 4878, "step": 72}
{"accuracy/top1": 87.34622192382812, "data_time": 0.007257938385009766, "time": 0.15139577388763428, "step": 2}
{"lr": 0.005981675977653639, "data_time": 0.00040531158447265625, "grad_norm": 7.204873323440552, "loss": 0.4982029676437378, "time": 2.016213607788086, "epoch": 3, "iter": 108, "memory": 4878, "step": 108}
{"accuracy/top1": 87.34622192382812, "data_time": 0.007986140251159669, "time": 0.151069974899292, "step": 3}
{"lr": 0.007990837988826828, "data_time": 0.00026128292083740237, "grad_norm": 7.008144044876099, "loss": 0.5445561379194259, "time": 2.0485113143920897, "epoch": 4, "iter": 144, "memory": 4878, "step": 144}
{"accuracy/top1": 89.63092803955078, "data_time": 0.0074245214462280275, "time": 0.1615091323852539, "step": 4}
{"lr": 0.010000000000000004, "data_time": 0.0003072261810302734, "grad_norm": 6.620765018463135, "loss": 0.5452873826026916, "time": 2.013174223899841, "epoch": 5, "iter": 180, "memory": 4878, "step": 180}
{"accuracy/top1": 91.56414794921875, "data_time": 0.0072062015533447266, "time": 0.15256333351135254, "step": 5}
{"lr": 0.010000000000000004, "data_time": 0.0005116701126098633, "grad_norm": 6.015176725387573, "loss": 0.574968034029007, "time": 2.01452431678772, "epoch": 6, "iter": 216, "memory": 4878, "step": 216}
{"accuracy/top1": 84.71001434326172, "data_time": 0.008868098258972168, "time": 0.1688209056854248, "step": 6}
